Workbook

Sheet Items
A1: Ítem | B1: Unidad | C1: Cantidad | D1: Precio unitario ($) | E1: Total ($)
E2: =IF(OR(A2="",C2="",D2=""),"",C2*D2)
E3: =IF(OR(A3="",C3="",D3=""),"",C3*D3)
E4: =IF(OR(A4="",C4="",D4=""),"",C4*D4)
E5: =IF(OR(A5="",C5="",D5=""),"",C5*D5)
E6: =IF(OR(A6="",C6="",D6=""),"",C6*D6)
E7: =IF(OR(A7="",C7="",D7=""),"",C7*D7)
E8: =IF(OR(A8="",C8="",D8=""),"",C8*D8)
E9: =IF(OR(A9="",C9="",D9=""),"",C9*D9)
E10: =IF(OR(A10="",C10="",D10=""),"",C10*D10)
E11: =IF(OR(A11="",C11="",D11=""),"",C11*D11)
E12: =IF(OR(A12="",C12="",D12=""),"",C12*D12)
E13: =IF(OR(A13="",C13="",D13=""),"",C13*D13)
... E51: =IF(OR(A51="",C51="",D51=""),"",C51*D51)
A53: * La columna Total se calcula automáticamente. No la edites.
A54: * Completá solo las columnas blancas y azules. Máx. 50 ítems.

Sheet _Factores_Ref
A1: Nro | B1: Nombre
A2: 1 | B2: Aceros
A3: 2 | B3: Aireadores
A4: 3 | B4: Aisl. mors. herrajes
A5: 4 | B5: Alambres, aluminio y cerámica
A6: 5 | B6: Albañilería
A7: 6 | B7: Áridos
A8: 7 | B8: Áridos Triturados
A9: 8 | B9: Asfaltos
A10: 9 | B10: Cable
A11: 10 | B11: Caños de PRFV
A12: 11 | B12: Caños de PVC
A13: 12 | B13: Carpintería
... A47: 46 | B47: Empalmes y terminales

Sheet Factores
A1: Ítem (de la hoja Items) | B1: Nro. factor | C1: Nombre del factor | D1: Peso (%)
A2: =IF(Items!A2="","",Items!A2) | C2: =IF(OR(B2="",A2=""),"",IFERROR(VLOOKUP(B2,_Factores_Ref!$A:$B,2,FALSE),"Factor no encontrado"))
A3: =IF(Items!A2="","",Items!A2) | C3: =IF(OR(B3="",A3=""),"",IFERROR(VLOOKUP(B3,_Factores_Ref!$A:$B,2,FALSE),"Factor no encontrado"))
A4: =IF(Items!A2="","",Items!A2) | C4: =IF(OR(B4="",A4=""),"",IFERROR(VLOOKUP(B4,_Factores_Ref!$A:$B,2,FALSE),"Factor no encontrado"))
A5: =IF(Items!A2="","",Items!A2) | C5: =IF(OR(B5="",A5=""),"",IFERROR(VLOOKUP(B5,_Factores_Ref!$A:$B,2,FALSE),"Factor no encontrado"))
A6: =IF(Items!A2="","",Items!A2) | C6: =IF(OR(B6="",A6=""),"",IFERROR(VLOOKUP(B6,_Factores_Ref!$A:$B,2,FALSE),"Factor no encontrado"))
A7: =IF(Items!A2="","",Items!A2) | C7: =IF(OR(B7="",A7=""),"",IFERROR(VLOOKUP(B7,_Factores_Ref!$A:$B,2,FALSE),"Factor no encontrado"))
A8: =IF(Items!A2="","",Items!A2) | C8: =IF(OR(B8="",A8=""),"",IFERROR(VLOOKUP(B8,_Factores_Ref!$A:$B,2,FALSE),"Factor no encontrado"))
A9: =IF(Items!A2="","",Items!A2) | C9: =IF(OR(B9="",A9=""),"",IFERROR(VLOOKUP(B9,_Factores_Ref!$A:$B,2,FALSE),"Factor no encontrado"))
A10: =IF(Items!A2="","",Items!A2) | C10: =IF(OR(B10="",A10=""),"",IFERROR(VLOOKUP(B10,_Factores_Ref!$A:$B,2,FALSE),"Factor no encontrado"))
A11: =IF(Items!A2="","",Items!A2) | C11: =IF(OR(B11="",A11=""),"",IFERROR(VLOOKUP(B11,_Factores_Ref!$A:$B,2,FALSE),"Factor no encontrado"))
A12: =IF(Items!A3="","",Items!A3) | C12: =IF(OR(B12="",A12=""),"",IFERROR(VLOOKUP(B12,_Factores_Ref!$A:$B,2,FALSE),"Factor no encontrado"))
A13: =IF(Items!A3="","",Items!A3) | C13: =IF(OR(B13="",A13=""),"",IFERROR(VLOOKUP(B13,_Factores_Ref!$A:$B,2,FALSE),"Factor no encontrado"))
A14: =IF(Items!A3="","",Items!A3) | C14: =IF(OR(B14="",A14=""),"",IFERROR(VLOOKUP(B14,_Factores_Ref!$A:$B,2,FALSE),"Factor no encontrado"))
A15: =IF(Items!A3="","",Items!A3) | C15: =IF(OR(B15="",A15=""),"",IFERROR(VLOOKUP(B15,_Factores_Ref!$A:$B,2,FALSE),"Factor no encontrado"))
A16: =IF(Items!A3="","",Items!A3) | C16: =IF(OR(B16="",A16=""),"",IFERROR(VLOOKUP(B16,_Factores_Ref!$A:$B,2,FALSE),"Factor no encontrado"))
A17: =IF(Items!A3="","",Items!A3) | C17: =IF(OR(B17="",A17=""),"",IFERROR(VLOOKUP(B17,_Factores_Ref!$A:$B,2,FALSE),"Factor no encontrado"))
A18: =IF(Items!A3="","",Items!A3) | C18: =IF(OR(B18="",A18=""),"",IFERROR(VLOOKUP(B18,_Factores_Ref!$A:$B,2,FALSE),"Factor no encontrado"))
A19: =IF(Items!A3="","",Items!A3) | C19: =IF(OR(B19="",A19=""),"",IFERROR(VLOOKUP(B19,_Factores_Ref!$A:$B,2,FALSE),"Factor no encontrado"))
A20: =IF(Items!A3="","",Items!A3) | C20: =IF(OR(B20="",A20=""),"",IFERROR(VLOOKUP(B20,_Factores_Ref!$A:$B,2,FALSE),"Factor no encontrado"))
A21: =IF(Items!A3="","",Items!A3) | C21: =IF(OR(B21="",A21=""),"",IFERROR(VLOOKUP(B21,_Factores_Ref!$A:$B,2,FALSE),"Factor no encontrado"))
A22: =IF(Items!A4="","",Items!A4) | C22: =IF(OR(B22="",A22=""),"",IFERROR(VLOOKUP(B22,_Factores_Ref!$A:$B,2,FALSE),"Factor no encontrado"))
A23: =IF(Items!A4="","",Items!A4) | C23: =IF(OR(B23="",A23=""),"",IFERROR(VLOOKUP(B23,_Factores_Ref!$A:$B,2,FALSE),"Factor no encontrado"))
A24: =IF(Items!A4="","",Items!A4) | C24: =IF(OR(B24="",A24=""),"",IFERROR(VLOOKUP(B24,_Factores_Ref!$A:$B,2,FALSE),"Factor no encontrado"))
A25: =IF(Items!A4="","",Items!A4) | C25: =IF(OR(B25="",A25=""),"",IFERROR(VLOOKUP(B25,_Factores_Ref!$A:$B,2,FALSE),"Factor no encontrado"))
A26: =IF(Items!A4="","",Items!A4) | C26: =IF(OR(B26="",A26=""),"",IFERROR(VLOOKUP(B26,_Factores_Ref!$A:$B,2,FALSE),"Factor no encontrado"))
A27: =IF(Items!A4="","",Items!A4) | C27: =IF(OR(B27="",A27=""),"",IFERROR(VLOOKUP(B27,_Factores_Ref!$A:$B,2,FALSE),"Factor no encontrado"))
A28: =IF(Items!A4="","",Items!A4) | C28: =IF(OR(B28="",A28=""),"",IFERROR(VLOOKUP(B28,_Factores_Ref!$A:$B,2,FALSE),"Factor no encontrado"))
A29: =IF(Items!A4="","",Items!A4) | C29: =IF(OR(B29="",A29=""),"",IFERROR(VLOOKUP(B29,_Factores_Ref!$A:$B,2,FALSE),"Factor no encontrado"))
A30: =IF(Items!A4="","",Items!A4) | C30: =IF(OR(B30="",A30=""),"",IFERROR(VLOOKUP(B30,_Factores_Ref!$A:$B,2,FALSE),"Factor no encontrado"))
A31: =IF(Items!A4="","",Items!A4) | C31: =IF(OR(B31="",A31=""),"",IFERROR(VLOOKUP(B31,_Factores_Ref!$A:$B,2,FALSE),"Factor no encontrado"))
A32: =IF(Items!A5="","",Items!A5) | C32: =IF(OR(B32="",A32=""),"",IFERROR(VLOOKUP(B32,_Factores_Ref!$A:$B,2,FALSE),"Factor no encontrado"))
A33: =IF(Items!A5="","",Items!A5) | C33: =IF(OR(B33="",A33=""),"",IFERROR(VLOOKUP(B33,_Factores_Ref!$A:$B,2,FALSE),"Factor no encontrado"))
A34: =IF(Items!A5="","",Items!A5) | C34: =IF(OR(B34="",A34=""),"",IFERROR(VLOOKUP(B34,_Factores_Ref!$A:$B,2,FALSE),"Factor no encontrado"))
A35: =IF(Items!A5="","",Items!A5) | C35: =IF(OR(B35="",A35=""),"",IFERROR(VLOOKUP(B35,_Factores_Ref!$A:$B,2,FALSE),"Factor no encontrado"))
A36: =IF(Items!A5="","",Items!A5) | C36: =IF(OR(B36="",A36=""),"",IFERROR(VLOOKUP(B36,_Factores_Ref!$A:$B,2,FALSE),"Factor no encontrado"))
A37: =IF(Items!A5="","",Items!A5) | C37: =IF(OR(B37="",A37=""),"",IFERROR(VLOOKUP(B37,_Factores_Ref!$A:$B,2,FALSE),"Factor no encontrado"))
A38: =IF(Items!A5="","",Items!A5) | C38: =IF(OR(B38="",A38=""),"",IFERROR(VLOOKUP(B38,_Factores_Ref!$A:$B,2,FALSE),"Factor no encontrado"))
A39: =IF(Items!A5="","",Items!A5) | C39: =IF(OR(B39="",A39=""),"",IFERROR(VLOOKUP(B39,_Factores_Ref!$A:$B,2,FALSE),"Factor no encontrado"))
A40: =IF(Items!A5="","",Items!A5) | C40: =IF(OR(B40="",A40=""),"",IFERROR(VLOOKUP(B40,_Factores_Ref!$A:$B,2,FALSE),"Factor no encontrado"))
A41: =IF(Items!A5="","",Items!A5) | C41: =IF(OR(B41="",A41=""),"",IFERROR(VLOOKUP(B41,_Factores_Ref!$A:$B,2,FALSE),"Factor no encontrado"))
A42: =IF(Items!A6="","",Items!A6) | C42: =IF(OR(B42="",A42=""),"",IFERROR(VLOOKUP(B42,_Factores_Ref!$A:$B,2,FALSE),"Factor no encontrado"))
A43: =IF(Items!A6="","",Items!A6) | C43: =IF(OR(B43="",A43=""),"",IFERROR(VLOOKUP(B43,_Factores_Ref!$A:$B,2,FALSE),"Factor no encontrado"))
A44: =IF(Items!A6="","",Items!A6) | C44: =IF(OR(B44="",A44=""),"",IFERROR(VLOOKUP(B44,_Factores_Ref!$A:$B,2,FALSE),"Factor no encontrado"))
A45: =IF(Items!A6="","",Items!A6) | C45: =IF(OR(B45="",A45=""),"",IFERROR(VLOOKUP(B45,_Factores_Ref!$A:$B,2,FALSE),"Factor no encontrado"))
A46: =IF(Items!A6="","",Items!A6) | C46: =IF(OR(B46="",A46=""),"",IFERROR(VLOOKUP(B46,_Factores_Ref!$A:$B,2,FALSE),"Factor no encontrado"))
A47: =IF(Items!A6="","",Items!A6) | C47: =IF(OR(B47="",A47=""),"",IFERROR(VLOOKUP(B47,_Factores_Ref!$A:$B,2,FALSE),"Factor no encontrado"))
A48: =IF(Items!A6="","",Items!A6) | C48: =IF(OR(B48="",A48=""),"",IFERROR(VLOOKUP(B48,_Factores_Ref!$A:$B,2,FALSE),"Factor no encontrado"))
A49: =IF(Items!A6="","",Items!A6) | C49: =IF(OR(B49="",A49=""),"",IFERROR(VLOOKUP(B49,_Factores_Ref!$A:$B,2,FALSE),"Factor no encontrado"))
A50: =IF(Items!A6="","",Items!A6) | C50: =IF(OR(B50="",A50=""),"",IFERROR(VLOOKUP(B50,_Factores_Ref!$A:$B,2,FALSE),"Factor no encontrado"))
A51: =IF(Items!A6="","",Items!A6) | C51: =IF(OR(B51="",A51=""),"",IFERROR(VLOOKUP(B51,_Factores_Ref!$A:$B,2,FALSE),"Factor no encontrado"))
A52: =IF(Items!A7="","",Items!A7) | C52: =IF(OR(B52="",A52=""),"",IFERROR(VLOOKUP(B52,_Factores_Ref!$A:$B,2,FALSE),"Factor no encontrado"))
A53: =IF(Items!A7="","",Items!A7) | C53: =IF(OR(B53="",A53=""),"",IFERROR(VLOOKUP(B53,_Factores_Ref!$A:$B,2,FALSE),"Factor no encontrado"))
A54: =IF(Items!A7="","",Items!A7) | C54: =IF(OR(B54="",A54=""),"",IFERROR(VLOOKUP(B54,_Factores_Ref!$A:$B,2,FALSE),"Factor no encontrado"))
A55: =IF(Items!A7="","",Items!A7) | C55: =IF(OR(B55="",A55=""),"",IFERROR(VLOOKUP(B55,_Factores_Ref!$A:$B,2,FALSE),"Factor no encontrado"))
A56: =IF(Items!A7="","",Items!A7) | C56: =IF(OR(B56="",A56=""),"",IFERROR(VLOOKUP(B56,_Factores_Ref!$A:$B,2,FALSE),"Factor no encontrado"))
A57: =IF(Items!A7="","",Items!A7) | C57: =IF(OR(B57="",A57=""),"",IFERROR(VLOOKUP(B57,_Factores_Ref!$A:$B,2,FALSE),"Factor no encontrado"))
A58: =IF(Items!A7="","",Items!A7) | C58: =IF(OR(B58="",A58=""),"",IFERROR(VLOOKUP(B58,_Factores_Ref!$A:$B,2,FALSE),"Factor no encontrado"))
A59: =IF(Items!A7="","",Items!A7) | C59: =IF(OR(B59="",A59=""),"",IFERROR(VLOOKUP(B59,_Factores_Ref!$A:$B,2,FALSE),"Factor no encontrado"))
A60: =IF(Items!A7="","",Items!A7) | C60: =IF(OR(B60="",A60=""),"",IFERROR(VLOOKUP(B60,_Factores_Ref!$A:$B,2,FALSE),"Factor no encontrado"))
A61: =IF(Items!A7="","",Items!A7) | C61: =IF(OR(B61="",A61=""),"",IFERROR(VLOOKUP(B61,_Factores_Ref!$A:$B,2,FALSE),"Factor no encontrado"))
A62: =IF(Items!A8="","",Items!A8) | C62: =IF(OR(B62="",A62=""),"",IFERROR(VLOOKUP(B62,_Factores_Ref!$A:$B,2,FALSE),"Factor no encontrado"))
A63: =IF(Items!A8="","",Items!A8) | C63: =IF(OR(B63="",A63=""),"",IFERROR(VLOOKUP(B63,_Factores_Ref!$A:$B,2,FALSE),"Factor no encontrado"))
A64: =IF(Items!A8="","",Items!A8) | C64: =IF(OR(B64="",A64=""),"",IFERROR(VLOOKUP(B64,_Factores_Ref!$A:$B,2,FALSE),"Factor no encontrado"))
A65: =IF(Items!A8="","",Items!A8) | C65: =IF(OR(B65="",A65=""),"",IFERROR(VLOOKUP(B65,_Factores_Ref!$A:$B,2,FALSE),"Factor no encontrado"))
A66: =IF(Items!A8="","",Items!A8) | C66: =IF(OR(B66="",A66=""),"",IFERROR(VLOOKUP(B66,_Factores_Ref!$A:$B,2,FALSE),"Factor no encontrado"))
A67: =IF(Items!A8="","",Items!A8) | C67: =IF(OR(B67="",A67=""),"",IFERROR(VLOOKUP(B67,_Factores_Ref!$A:$B,2,FALSE),"Factor no encontrado"))
A68: =IF(Items!A8="","",Items!A8) | C68: =IF(OR(B68="",A68=""),"",IFERROR(VLOOKUP(B68,_Factores_Ref!$A:$B,2,FALSE),"Factor no encontrado"))
A69: =IF(Items!A8="","",Items!A8) | C69: =IF(OR(B69="",A69=""),"",IFERROR(VLOOKUP(B69,_Factores_Ref!$A:$B,2,FALSE),"Factor no encontrado"))
A70: =IF(Items!A8="","",Items!A8) | C70: =IF(OR(B70="",A70=""),"",IFERROR(VLOOKUP(B70,_Factores_Ref!$A:$B,2,FALSE),"Factor no encontrado"))
A71: =IF(Items!A8="","",Items!A8) | C71: =IF(OR(B71="",A71=""),"",IFERROR(VLOOKUP(B71,_Factores_Ref!$A:$B,2,FALSE),"Factor no encontrado"))
A72: =IF(Items!A9="","",Items!A9) | C72: =IF(OR(B72="",A72=""),"",IFERROR(VLOOKUP(B72,_Factores_Ref!$A:$B,2,FALSE),"Factor no encontrado"))
A73: =IF(Items!A9="","",Items!A9) | C73: =IF(OR(B73="",A73=""),"",IFERROR(VLOOKUP(B73,_Factores_Ref!$A:$B,2,FALSE),"Factor no encontrado"))
A74: =IF(Items!A9="","",Items!A9) | C74: =IF(OR(B74="",A74=""),"",IFERROR(VLOOKUP(B74,_Factores_Ref!$A:$B,2,FALSE),"Factor no encontrado"))
A75: =IF(Items!A9="","",Items!A9) | C75: =IF(OR(B75="",A75=""),"",IFERROR(VLOOKUP(B75,_Factores_Ref!$A:$B,2,FALSE),"Factor no encontrado"))
A76: =IF(Items!A9="","",Items!A9) | C76: =IF(OR(B76="",A76=""),"",IFERROR(VLOOKUP(B76,_Factores_Ref!$A:$B,2,FALSE),"Factor no encontrado"))
A77: =IF(Items!A9="","",Items!A9) | C77: =IF(OR(B77="",A77=""),"",IFERROR(VLOOKUP(B77,_Factores_Ref!$A:$B,2,FALSE),"Factor no encontrado"))
A78: =IF(Items!A9="","",Items!A9) | C78: =IF(OR(B78="",A78=""),"",IFERROR(VLOOKUP(B78,_Factores_Ref!$A:$B,2,FALSE),"Factor no encontrado"))
A79: =IF(Items!A9="","",Items!A9) | C79: =IF(OR(B79="",A79=""),"",IFERROR(VLOOKUP(B79,_Factores_Ref!$A:$B,2,FALSE),"Factor no encontrado"))
A80: =IF(Items!A9="","",Items!A9) | C80: =IF(OR(B80="",A80=""),"",IFERROR(VLOOKUP(B80,_Factores_Ref!$A:$B,2,FALSE),"Factor no encontrado"))
A81: =IF(Items!A9="","",Items!A9) | C81: =IF(OR(B81="",A81=""),"",IFERROR(VLOOKUP(B81,_Factores_Ref!$A:$B,2,FALSE),"Factor no encontrado"))
A82: =IF(Items!A10="","",Items!A10) | C82: =IF(OR(B82="",A82=""),"",IFERROR(VLOOKUP(B82,_Factores_Ref!$A:$B,2,FALSE),"Factor no encontrado"))
A83: =IF(Items!A10="","",Items!A10) | C83: =IF(OR(B83="",A83=""),"",IFERROR(VLOOKUP(B83,_Factores_Ref!$A:$B,2,FALSE),"Factor no encontrado"))
A84: =IF(Items!A10="","",Items!A10) | C84: =IF(OR(B84="",A84=""),"",IFERROR(VLOOKUP(B84,_Factores_Ref!$A:$B,2,FALSE),"Factor no encontrado"))
A85: =IF(Items!A10="","",Items!A10) | C85: =IF(OR(B85="",A85=""),"",IFERROR(VLOOKUP(B85,_Factores_Ref!$A:$B,2,FALSE),"Factor no encontrado"))
A86: =IF(Items!A10="","",Items!A10) | C86: =IF(OR(B86="",A86=""),"",IFERROR(VLOOKUP(B86,_Factores_Ref!$A:$B,2,FALSE),"Factor no encontrado"))
A87: =IF(Items!A10="","",Items!A10) | C87: =IF(OR(B87="",A87=""),"",IFERROR(VLOOKUP(B87,_Factores_Ref!$A:$B,2,FALSE),"Factor no encontrado"))
A88: =IF(Items!A10="","",Items!A10) | C88: =IF(OR(B88="",A88=""),"",IFERROR(VLOOKUP(B88,_Factores_Ref!$A:$B,2,FALSE),"Factor no encontrado"))
A89: =IF(Items!A10="","",Items!A10) | C89: =IF(OR(B89="",A89=""),"",IFERROR(VLOOKUP(B89,_Factores_Ref!$A:$B,2,FALSE),"Factor no encontrado"))
A90: =IF(Items!A10="","",Items!A10) | C90: =IF(OR(B90="",A90=""),"",IFERROR(VLOOKUP(B90,_Factores_Ref!$A:$B,2,FALSE),"Factor no encontrado"))
A91: =IF(Items!A10="","",Items!A10) | C91: =IF(OR(B91="",A91=""),"",IFERROR(VLOOKUP(B91,_Factores_Ref!$A:$B,2,FALSE),"Factor no encontrado"))
A92: =IF(Items!A11="","",Items!A11) | C92: =IF(OR(B92="",A92=""),"",IFERROR(VLOOKUP(B92,_Factores_Ref!$A:$B,2,FALSE),"Factor no encontrado"))
A93: =IF(Items!A11="","",Items!A11) | C93: =IF(OR(B93="",A93=""),"",IFERROR(VLOOKUP(B93,_Factores_Ref!$A:$B,2,FALSE),"Factor no encontrado"))
A94: =IF(Items!A11="","",Items!A11) | C94: =IF(OR(B94="",A94=""),"",IFERROR(VLOOKUP(B94,_Factores_Ref!$A:$B,2,FALSE),"Factor no encontrado"))
A95: =IF(Items!A11="","",Items!A11) | C95: =IF(OR(B95="",A95=""),"",IFERROR(VLOOKUP(B95,_Factores_Ref!$A:$B,2,FALSE),"Factor no encontrado"))
A96: =IF(Items!A11="","",Items!A11) | C96: =IF(OR(B96="",A96=""),"",IFERROR(VLOOKUP(B96,_Factores_Ref!$A:$B,2,FALSE),"Factor no encontrado"))
A97: =IF(Items!A11="","",Items!A11) | C97: =IF(OR(B97="",A97=""),"",IFERROR(VLOOKUP(B97,_Factores_Ref!$A:$B,2,FALSE),"Factor no encontrado"))
A98: =IF(Items!A11="","",Items!A11) | C98: =IF(OR(B98="",A98=""),"",IFERROR(VLOOKUP(B98,_Factores_Ref!$A:$B,2,FALSE),"Factor no encontrado"))
A99: =IF(Items!A11="","",Items!A11) | C99: =IF(OR(B99="",A99=""),"",IFERROR(VLOOKUP(B99,_Factores_Ref!$A:$B,2,FALSE),"Factor no encontrado"))
A100: =IF(Items!A11="","",Items!A11) | C100: =IF(OR(B100="",A100=""),"",IFERROR(VLOOKUP(B100,_Factores_Ref!$A:$B,2,FALSE),"Factor no encontrado"))
...
